sku,name,url
"49076","Інфрачервоний електричний обігрівач Enders ORON, 2 кВт","https://www.enders.com.ua/produkcija/obogrevateli/infrakrasnij-jelektricheskij-obogrevatel-enders-oron--2-kvt"
"8606","Газовий гриль Enders UNIQ® PRO 3 IKO KITCHEN Cruster®","https://www.enders.com.ua/produkcija/grili-bbq/gazovie-grili/serija-kansas/gazovij-gril--enders-uniq%C2%AE-pro-3-iko-kitchen-cruster%C2%AE"
"207033K","Газовий гриль Enders URBAN II PRO","https://www.enders.com.ua/produkcija/tovari-dlja-kempinga/gazovij-gril-enders-urban-ii"
"838533NP24","Комплект: Monroe 4 SIK Turbo Shadow та газовий балон HPCR 24,5 л з відсікачем","https://www.enders.com.ua/produkcija/grili-bbq/gazovie-grili/serija-monroe/komplekt%3A-monroe-4-sik-turbo-shadow-i-gazovij-ballon-hpcr-24-5-l-s-otsekatelem"
"1883","Портативна газова плита Enders RYDA 2Z GP","https://www.enders.com.ua/produkcija/tovari-dlja-kempinga/portativnaja-gazovaja-plita-enders-ryda-2z-gp"
"1862","Портативна газова плита Enders RYDA 2Z з термодатчиками","https://www.enders.com.ua/produkcija/tovari-dlja-kempinga/portativnaja-gazovaja-plita-enders-ryda-2z-c-termodatchikami"
"8765","Щітка для очищення гриля","https://www.enders.com.ua/produkcija/aksessuary/bristle-brush"
"8763","Щітка для очищення гриля","https://www.enders.com.ua/produkcija/aksessuary/bristle-brush2"
"7821","Вугільний гриль Enders VENTURA L","https://www.enders.com.ua/produkcija/ugolniy-gril-ventura-l"
"8653","Вугільний гриль Enders Угольный гриль Enders KENTUCKY","https://www.enders.com.ua/produkcija/ugolniy-gril-kentucky"
"8651","Вугільний гриль Enders Угольный гриль Enders LOS ANGELES","https://www.enders.com.ua/produkcija/ugolniy-gril-los-angeles"
"5590","Вуличний газовий обігрівач Enders PYRAMIDE, 9,3 кВт","https://www.enders.com.ua/produkcija/obogrevateli/gazovie-obogrevateli/ulichniy-gazoviy-obogrevatel-pyramide"
"549494","Вуличний газовий обігрівач Enders RATTAN, 8 кВт","https://www.enders.com.ua/produkcija/obogrevateli/gazovie-obogrevateli/ulichniy-gazoviy-obogrevatel-rattan"
"5450","Вуличний газовий обігрівач Enders TRENDSTYLE, 8 кВт","https://www.enders.com.ua/produkcija/obogrevateli/gazovie-obogrevateli/ulichniy-gazoviy-obogrevatel-trendstyle"
"552794","Вуличний газовий обігрівач Enders WOOD, 8 кВт","https://www.enders.com.ua/produkcija/obogrevateli/gazovie-obogrevateli/ulichniy-gazoviy-obogrevatel-wood"
"89366K","Газовий гриль CHICAGO NEXT 4 R TURBO","https://www.enders.com.ua/produkcija/gazovij-gril-enders-chicago-next-4-r-turbo"
"804033K","Газовий гриль Enders HYDE® 3 SIKR TURBO","https://www.enders.com.ua/produkcija/grili-bbq/gazovie-grili/gazovij-gril-enders-hyde%C2%AE-3-sikr-turbo"
"804133K","Газовий гриль Enders HYDE® 4 SIKR TURBO","https://www.enders.com.ua/produkcija/grili-bbq/gazovie-grili/gazovij-gril-enders-hyde%C2%AE-4-sikr-turbo"
"81496","Газовий гриль Enders BALTIMORE","https://www.enders.com.ua/produkcija/grili-bbq/gazovie-grili/gazoviy-gril-baltimore"
"7895","Деко Plancha для грилів серії MONROE (Нержавіюча сталь)","https://www.enders.com.ua/produkcija/aksessuary/tray-plancha-for-monroe-and-kansas-grills-stainless-steel"
"4905","Інфрачервоний електричний обігрівач Enders MADRID, 2 кВт","https://www.enders.com.ua/produkcija/obogrevateli/electroobogrevateli/electricheskiy-obogrevatel-madrid"
"0","ENSAN BLUE 5,0 л санітарна рідина для нижнього резервуара","https://www.enders.com.ua/produkcija/tovari-dlja-kempinga/ensan-blue-5-l"
"0","ENSAN GREEN 1,0 л санітарна рідина для нижнього резервуара","https://www.enders.com.ua/produkcija/tovari-dlja-kempinga/ensan-green-10-l"
"185533","Портативна газова плита Enders Dalgety Black 2 без термодатчика","https://www.enders.com.ua/produkcija/tovari-dlja-kempinga/portativnaja-gazovaja-plita-enders-dalgety-black-2-bez-termodatchika"
"8408","Набір приладдя для гриля в алюмінієвому кейсі","https://www.enders.com.ua/produkcija/aksessuary/a-set-of-accessories-for-a-grill-in-an-aluminum-case"
"7824","Силіконова дошка для обробки на магніті","https://www.enders.com.ua/produkcija/aksessuary/silikonovaja-razdelochnaja-doska-na-magnite"
"8805","Термометр для гриля CELSIO II Bluetooth","https://www.enders.com.ua/produkcija/aksessuary/celsio-ii-bluetooth-termometr"
"8793","Термометр для гриля бездротовий Enders","https://www.enders.com.ua/produkcija/aksessuary/termometr-dlja-grilja-bezdrotovij-enders--"
